{"cameraMode":{"drawMode":0,"name":"Shaded","section":"Shading Mode"},"sceneLighting":true,"audioPlay":false,"sceneViewState":{"m_AlwaysRefresh":false,"showFog":true,"showSkybox":true,"showFlares":true,"showImageEffects":true,"showParticleSystems":true,"showVisualEffectGraphs":true,"m_FxEnabled":true},"in2DMode":false,"pivot":{"x":-22.030654907226564,"y":16.934104919433595,"z":-3.15216064453125},"rotation":{"x":0.38051068782806399,"y":0.31783875823020937,"z":-0.14113615453243257,"w":0.8568994402885437},"size":24.654865264892579,"orthographic":true}