{"cameraMode":{"drawMode":0,"name":"Shaded","section":"Shading Mode"},"sceneLighting":false,"audioPlay":false,"sceneViewState":{"m_AlwaysRefresh":false,"showFog":true,"showSkybox":false,"showFlares":true,"showImageEffects":true,"showParticleSystems":true,"showVisualEffectGraphs":true,"m_FxEnabled":true},"in2DMode":false,"pivot":{"x":1.2686948776245118,"y":1.0299999713897706,"z":0.7445163726806641},"rotation":{"x":0.0008557608816772699,"y":0.9922389388084412,"z":-0.12417545169591904,"w":0.006843225099146366},"size":1.2247449159622193,"orthographic":false}